env_id,move_cost,grass_max,repro_threshold,energy_init,mutation_sd,seed,final_tick,final_agents,final_predators,final_genetic_diversity,extinct,agents_50,agents_100,agents_200,agents_500,agents_1000,div_50,div_100,div_200,div_500,div_1000
1,12.59,25.27,121.61,73.28,0.1379,101,200,0,0,0.000000,true,3,2,0,0,0,0.000000,0.000000,0.000000,0.000000,0.000000
1,12.59,25.27,121.61,73.28,0.1379,102,200,0,0,0.000000,true,5,3,0,0,0,0.096047,0.137572,0.000000,0.000000,0.000000
1,12.59,25.27,121.61,73.28,0.1379,103,200,0,0,0.000000,true,8,7,0,0,0,0.112653,0.135554,0.000000,0.000000,0.000000
1,12.59,25.27,121.61,73.28,0.1379,104,200,0,0,0.000000,true,4,4,0,0,0,0.144264,0.124951,0.000000,0.000000,0.000000
1,12.59,25.27,121.61,73.28,0.1379,105,200,0,0,0.000000,true,4,2,0,0,0,0.087101,0.130289,0.000000,0.000000,0.000000
2,3.32,32.61,150.25,51.13,0.0669,101,1000,18,0,0.164046,false,100,136,86,28,18,0.093162,0.109524,0.131139,0.240476,0.164046
2,3.32,32.61,150.25,51.13,0.0669,102,1000,10,0,0.094587,false,93,133,88,38,10,0.088011,0.113863,0.125224,0.211094,0.094587
2,3.32,32.61,150.25,51.13,0.0669,103,1000,25,0,0.295152,false,100,125,85,33,25,0.104382,0.113179,0.127193,0.211470,0.295152
2,3.32,32.61,150.25,51.13,0.0669,104,1000,24,0,0.271957,false,103,140,94,24,24,0.096673,0.107189,0.122052,0.215143,0.271957
2,3.32,32.61,150.25,51.13,0.0669,105,1000,13,0,0.122246,false,96,142,92,27,13,0.094003,0.120575,0.128617,0.240410,0.122246
3,13.22,33.77,101.40,34.11,0.1080,101,200,0,0,0.000000,true,3,2,0,0,0,0.104198,0.000000,0.000000,0.000000,0.000000
3,13.22,33.77,101.40,34.11,0.1080,102,200,0,0,0.000000,true,2,1,0,0,0,0.000000,0.000000,0.000000,0.000000,0.000000
3,13.22,33.77,101.40,34.11,0.1080,103,200,0,0,0.000000,true,7,4,0,0,0,0.104391,0.073424,0.000000,0.000000,0.000000
3,13.22,33.77,101.40,34.11,0.1080,104,200,0,0,0.000000,true,2,2,0,0,0,0.000000,0.000000,0.000000,0.000000,0.000000
3,13.22,33.77,101.40,34.11,0.1080,105,200,0,0,0.000000,true,5,3,0,0,0,0.080931,0.034009,0.000000,0.000000,0.000000
4,1.80,17.27,78.73,48.12,0.1021,101,1000,29,0,0.374876,false,117,153,90,56,29,0.155476,0.171196,0.200172,0.341466,0.374876
4,1.80,17.27,78.73,48.12,0.1021,102,1000,31,0,0.500086,false,121,155,98,48,31,0.156511,0.167806,0.204004,0.379332,0.500086
4,1.80,17.27,78.73,48.12,0.1021,103,1000,36,0,0.515758,false,121,154,91,50,36,0.152903,0.162049,0.195440,0.332332,0.515758
4,1.80,17.27,78.73,48.12,0.1021,104,1000,40,0,0.529899,false,114,153,104,51,40,0.157503,0.172413,0.203697,0.345952,0.529899
4,1.80,17.27,78.73,48.12,0.1021,105,1000,35,0,0.486752,false,117,151,87,51,35,0.146770,0.175776,0.209055,0.345953,0.486752
5,1.61,28.19,79.48,64.05,0.0856,101,1000,32,0,0.370560,false,130,182,134,52,32,0.135958,0.141321,0.166316,0.324531,0.370560
5,1.61,28.19,79.48,64.05,0.0856,102,1000,34,0,0.355806,false,131,178,127,55,34,0.138890,0.148801,0.165846,0.289181,0.355806
5,1.61,28.19,79.48,64.05,0.0856,103,1000,34,0,0.430292,false,128,181,136,67,34,0.141207,0.143071,0.171284,0.293817,0.430292
5,1.61,28.19,79.48,64.05,0.0856,104,1000,34,0,0.331799,false,136,171,121,31,34,0.131679,0.138868,0.172700,0.297405,0.331799
5,1.61,28.19,79.48,64.05,0.0856,105,1000,42,0,0.422989,false,124,164,125,61,42,0.135933,0.153161,0.184193,0.308274,0.422989
6,6.32,24.54,178.80,38.77,0.1171,101,1000,14,0,0.483529,false,42,51,23,25,14,0.130893,0.142553,0.230539,0.373613,0.483529
6,6.32,24.54,178.80,38.77,0.1171,102,1000,13,0,0.437165,false,45,55,38,14,13,0.146299,0.148355,0.247109,0.348501,0.437165
6,6.32,24.54,178.80,38.77,0.1171,103,1000,17,0,0.487582,false,46,56,30,20,17,0.129003,0.161845,0.210090,0.339538,0.487582
6,6.32,24.54,178.80,38.77,0.1171,104,687,0,0,0.000000,true,53,61,24,15,0,0.137409,0.153545,0.201699,0.324040,0.000000
6,6.32,24.54,178.80,38.77,0.1171,105,1000,6,0,0.140500,false,40,51,29,5,6,0.134002,0.166020,0.241611,0.130357,0.140500
7,6.44,12.11,158.30,43.51,0.0157,101,1000,6,0,0.018697,false,42,41,10,23,6,0.016939,0.018811,0.027800,0.048382,0.018697
7,6.44,12.11,158.30,43.51,0.0157,102,1000,1,0,0.000000,false,35,38,9,7,1,0.016442,0.018981,0.027291,0.037568,0.000000
7,6.44,12.11,158.30,43.51,0.0157,103,1000,8,0,0.020719,false,39,42,12,9,8,0.018215,0.020498,0.028469,0.043141,0.020719
7,6.44,12.11,158.30,43.51,0.0157,104,1000,7,0,0.021869,false,48,41,13,7,7,0.017739,0.019218,0.027642,0.024415,0.021869
7,6.44,12.11,158.30,43.51,0.0157,105,1000,6,0,0.022397,false,33,31,12,5,6,0.016623,0.020692,0.027146,0.013538,0.022397
8,1.59,34.87,123.81,74.19,0.0414,101,1000,33,0,0.203480,false,138,189,148,45,33,0.066926,0.072433,0.088143,0.141547,0.203480
8,1.59,34.87,123.81,74.19,0.0414,102,1000,36,0,0.168204,false,126,183,156,53,36,0.062779,0.073042,0.079748,0.145284,0.168204
8,1.59,34.87,123.81,74.19,0.0414,103,1000,45,0,0.176802,false,137,190,153,56,45,0.065668,0.068624,0.083716,0.141843,0.176802
8,1.59,34.87,123.81,74.19,0.0414,104,1000,38,0,0.184928,false,136,199,157,47,38,0.057425,0.072347,0.081995,0.146346,0.184928
8,1.59,34.87,123.81,74.19,0.0414,105,1000,34,0,0.225438,false,131,187,145,43,34,0.064552,0.070700,0.079223,0.142311,0.225438
9,10.54,25.82,178.09,25.64,0.0663,101,200,0,0,0.000000,true,7,6,0,0,0,0.057761,0.043861,0.000000,0.000000,0.000000
9,10.54,25.82,178.09,25.64,0.0663,102,1000,1,0,0.000000,false,5,7,2,1,1,0.061716,0.084005,0.000000,0.000000,0.000000
9,10.54,25.82,178.09,25.64,0.0663,103,200,0,0,0.000000,true,5,6,0,0,0,0.072349,0.081827,0.000000,0.000000,0.000000
9,10.54,25.82,178.09,25.64,0.0663,104,1000,2,0,0.064014,false,8,8,2,1,2,0.066152,0.076419,0.000000,0.000000,0.064014
9,10.54,25.82,178.09,25.64,0.0663,105,200,0,0,0.000000,true,5,4,0,0,0,0.081113,0.034236,0.000000,0.000000,0.000000
10,19.99,21.02,159.72,78.16,0.1276,101,54,0,0,0.000000,true,1,0,0,0,0,0.000000,0.000000,0.000000,0.000000,0.000000
10,19.99,21.02,159.72,78.16,0.1276,102,76,0,0,0.000000,true,1,0,0,0,0,0.000000,0.000000,0.000000,0.000000,0.000000
10,19.99,21.02,159.72,78.16,0.1276,103,89,0,0,0.000000,true,1,0,0,0,0,0.000000,0.000000,0.000000,0.000000,0.000000
10,19.99,21.02,159.72,78.16,0.1276,104,45,0,0,0.000000,true,0,0,0,0,0,0.000000,0.000000,0.000000,0.000000,0.000000
10,19.99,21.02,159.72,78.16,0.1276,105,200,0,0,0.000000,true,1,1,0,0,0,0.000000,0.000000,0.000000,0.000000,0.000000
11,5.59,19.41,132.26,65.79,0.0755,101,1000,20,0,0.290050,false,67,65,26,20,20,0.099440,0.102394,0.139554,0.220446,0.290050
11,5.59,19.41,132.26,65.79,0.0755,102,1000,7,0,0.098476,false,57,65,23,22,7,0.088835,0.095029,0.130243,0.220714,0.098476
11,5.59,19.41,132.26,65.79,0.0755,103,1000,10,0,0.137446,false,63,70,24,22,10,0.086387,0.106696,0.139826,0.257309,0.137446
11,5.59,19.41,132.26,65.79,0.0755,104,1000,8,0,0.090792,false,67,77,16,8,8,0.092593,0.115917,0.116610,0.103257,0.090792
11,5.59,19.41,132.26,65.79,0.0755,105,1000,8,0,0.113523,false,66,66,27,12,8,0.089879,0.099320,0.150072,0.187636,0.113523
12,2.23,8.66,175.25,95.94,0.0516,101,1000,21,0,0.252584,false,104,106,46,51,21,0.080028,0.076645,0.097688,0.180330,0.252584
12,2.23,8.66,175.25,95.94,0.0516,102,1000,31,0,0.270906,false,104,107,51,45,31,0.081148,0.075378,0.098459,0.173401,0.270906
12,2.23,8.66,175.25,95.94,0.0516,103,1000,31,0,0.192535,false,110,110,45,48,31,0.072961,0.074549,0.093019,0.173204,0.192535
12,2.23,8.66,175.25,95.94,0.0516,104,1000,30,0,0.241288,false,108,113,48,45,30,0.080610,0.076648,0.096709,0.164853,0.241288
12,2.23,8.66,175.25,95.94,0.0516,105,1000,27,0,0.211859,false,99,110,45,42,27,0.074752,0.080208,0.091397,0.184071,0.211859
13,13.10,17.65,104.72,86.27,0.1404,101,200,0,0,0.000000,true,4,3,0,0,0,0.142934,0.142059,0.000000,0.000000,0.000000
13,13.10,17.65,104.72,86.27,0.1404,102,200,0,0,0.000000,true,2,1,0,0,0,0.000000,0.000000,0.000000,0.000000,0.000000
13,13.10,17.65,104.72,86.27,0.1404,103,200,0,0,0.000000,true,7,5,0,0,0,0.122876,0.136767,0.000000,0.000000,0.000000
13,13.10,17.65,104.72,86.27,0.1404,104,200,0,0,0.000000,true,4,1,0,0,0,0.092316,0.000000,0.000000,0.000000,0.000000
13,13.10,17.65,104.72,86.27,0.1404,105,200,0,0,0.000000,true,5,2,0,0,0,0.080594,0.000000,0.000000,0.000000,0.000000
14,13.98,20.90,59.91,27.51,0.1931,101,48,0,0,0.000000,true,0,0,0,0,0,0.000000,0.000000,0.000000,0.000000,0.000000
14,13.98,20.90,59.91,27.51,0.1931,102,20,0,0,0.000000,true,0,0,0,0,0,0.000000,0.000000,0.000000,0.000000,0.000000
14,13.98,20.90,59.91,27.51,0.1931,103,200,0,0,0.000000,true,2,2,0,0,0,0.188480,0.000000,0.000000,0.000000,0.000000
14,13.98,20.90,59.91,27.51,0.1931,104,200,0,0,0.000000,true,1,1,0,0,0,0.000000,0.000000,0.000000,0.000000,0.000000
14,13.98,20.90,59.91,27.51,0.1931,105,200,0,0,0.000000,true,1,1,0,0,0,0.000000,0.000000,0.000000,0.000000,0.000000
15,7.19,40.07,156.69,81.26,0.0241,101,1000,12,0,0.083592,false,43,36,21,25,12,0.026717,0.029366,0.050018,0.079614,0.083592
15,7.19,40.07,156.69,81.26,0.0241,102,1000,6,0,0.035196,false,41,34,27,23,6,0.026623,0.031760,0.047209,0.062219,0.035196
15,7.19,40.07,156.69,81.26,0.0241,103,1000,13,0,0.071787,false,50,41,20,16,13,0.027425,0.029914,0.044515,0.071693,0.071787
15,7.19,40.07,156.69,81.26,0.0241,104,1000,13,0,0.087595,false,51,44,25,15,13,0.027581,0.029914,0.046294,0.062511,0.087595
15,7.19,40.07,156.69,81.26,0.0241,105,1000,18,0,0.095245,false,43,37,27,14,18,0.027831,0.030826,0.050357,0.064494,0.095245
16,13.92,9.53,143.52,95.37,0.0928,101,200,0,0,0.000000,true,3,1,0,0,0,0.061512,0.000000,0.000000,0.000000,0.000000
16,13.92,9.53,143.52,95.37,0.0928,102,200,0,0,0.000000,true,1,1,0,0,0,0.000000,0.000000,0.000000,0.000000,0.000000
16,13.92,9.53,143.52,95.37,0.0928,103,200,0,0,0.000000,true,2,2,0,0,0,0.000000,0.000000,0.000000,0.000000,0.000000
16,13.92,9.53,143.52,95.37,0.0928,104,200,0,0,0.000000,true,2,1,0,0,0,0.000000,0.000000,0.000000,0.000000,0.000000
16,13.92,9.53,143.52,95.37,0.0928,105,48,0,0,0.000000,true,0,0,0,0,0,0.000000,0.000000,0.000000,0.000000,0.000000
17,19.47,47.19,160.91,47.41,0.1565,101,46,0,0,0.000000,true,0,0,0,0,0,0.000000,0.000000,0.000000,0.000000,0.000000
17,19.47,47.19,160.91,47.41,0.1565,102,19,0,0,0.000000,true,0,0,0,0,0,0.000000,0.000000,0.000000,0.000000,0.000000
17,19.47,47.19,160.91,47.41,0.1565,103,92,0,0,0.000000,true,1,0,0,0,0,0.000000,0.000000,0.000000,0.000000,0.000000
17,19.47,47.19,160.91,47.41,0.1565,104,64,0,0,0.000000,true,1,0,0,0,0,0.000000,0.000000,0.000000,0.000000,0.000000
17,19.47,47.19,160.91,47.41,0.1565,105,200,0,0,0.000000,true,2,1,0,0,0,0.138555,0.000000,0.000000,0.000000,0.000000
18,11.75,20.82,62.95,73.21,0.1161,101,200,0,0,0.000000,true,1,1,0,0,0,0.000000,0.000000,0.000000,0.000000,0.000000
18,11.75,20.82,62.95,73.21,0.1161,102,200,0,0,0.000000,true,6,5,0,0,0,0.092318,0.102156,0.000000,0.000000,0.000000
18,11.75,20.82,62.95,73.21,0.1161,103,200,0,0,0.000000,true,8,8,0,0,0,0.123386,0.108061,0.000000,0.000000,0.000000
18,11.75,20.82,62.95,73.21,0.1161,104,210,0,0,0.000000,true,12,10,1,0,0,0.107481,0.134254,0.000000,0.000000,0.000000
18,11.75,20.82,62.95,73.21,0.1161,105,200,0,0,0.000000,true,4,2,0,0,0,0.092551,0.000000,0.000000,0.000000,0.000000
19,5.99,28.96,175.34,51.68,0.0321,101,1000,8,0,0.047506,false,49,49,22,24,8,0.036814,0.038700,0.064768,0.088823,0.047506
19,5.99,28.96,175.34,51.68,0.0321,102,1000,7,0,0.041749,false,50,60,31,25,7,0.033894,0.044398,0.056388,0.094413,0.041749
19,5.99,28.96,175.34,51.68,0.0321,103,1000,26,0,0.152130,false,62,72,30,22,26,0.035539,0.045691,0.055969,0.095549,0.152130
19,5.99,28.96,175.34,51.68,0.0321,104,1000,9,0,0.041722,false,51,65,34,10,9,0.038405,0.050043,0.063087,0.080534,0.041722
19,5.99,28.96,175.34,51.68,0.0321,105,1000,8,0,0.035778,false,50,57,41,20,8,0.037404,0.045538,0.061122,0.090670,0.035778
20,8.96,5.20,169.00,95.45,0.0612,101,226,0,0,0.000000,true,13,4,1,0,0,0.056141,0.049309,0.000000,0.000000,0.000000
20,8.96,5.20,169.00,95.45,0.0612,102,390,0,0,0.000000,true,15,7,5,0,0,0.062812,0.055146,0.086848,0.000000,0.000000
20,8.96,5.20,169.00,95.45,0.0612,103,360,0,0,0.000000,true,15,7,3,0,0,0.052545,0.056321,0.115300,0.000000,0.000000
20,8.96,5.20,169.00,95.45,0.0612,104,320,0,0,0.000000,true,14,8,3,0,0,0.060791,0.047738,0.125963,0.000000,0.000000
20,8.96,5.20,169.00,95.45,0.0612,105,385,0,0,0.000000,true,10,7,1,0,0,0.051703,0.042661,0.000000,0.000000,0.000000
21,5.10,44.54,97.82,66.22,0.1321,101,1000,7,0,0.171951,false,77,102,60,28,7,0.167919,0.199584,0.258760,0.403199,0.171951
21,5.10,44.54,97.82,66.22,0.1321,102,1000,17,0,0.493765,false,79,91,55,24,17,0.168042,0.206435,0.250996,0.449658,0.493765
21,5.10,44.54,97.82,66.22,0.1321,103,1000,22,0,0.444854,false,78,91,62,29,22,0.188824,0.203334,0.266604,0.410511,0.444854
21,5.10,44.54,97.82,66.22,0.1321,104,1000,19,0,0.422348,false,75,94,66,22,19,0.177393,0.201742,0.251818,0.421050,0.422348
21,5.10,44.54,97.82,66.22,0.1321,105,1000,15,0,0.445304,false,73,81,58,26,15,0.177529,0.190959,0.258691,0.386878,0.445304
22,9.61,13.30,169.85,32.02,0.0184,101,1000,1,0,0.000000,false,9,6,3,2,1,0.019309,0.016645,0.025228,0.000000,0.000000
22,9.61,13.30,169.85,32.02,0.0184,102,1000,2,0,0.017606,false,6,4,2,2,2,0.020725,0.008881,0.036302,0.018103,0.017606
22,9.61,13.30,169.85,32.02,0.0184,103,606,0,0,0.000000,true,9,9,5,1,0,0.016283,0.021063,0.024883,0.000000,0.000000
22,9.61,13.30,169.85,32.02,0.0184,104,1000,5,0,0.033962,false,9,9,3,6,5,0.018473,0.018282,0.027093,0.024468,0.033962
22,9.61,13.30,169.85,32.02,0.0184,105,1000,2,0,0.018223,false,4,1,1,2,2,0.009304,0.000000,0.000000,0.000000,0.018223
23,10.92,42.99,184.39,72.09,0.1379,101,200,0,0,0.000000,true,12,8,0,0,0,0.158756,0.119895,0.000000,0.000000,0.000000
23,10.92,42.99,184.39,72.09,0.1379,102,460,0,0,0.000000,true,10,8,1,0,0,0.140072,0.146402,0.000000,0.000000,0.000000
23,10.92,42.99,184.39,72.09,0.1379,103,200,0,0,0.000000,true,11,8,0,0,0,0.133903,0.133558,0.000000,0.000000,0.000000
23,10.92,42.99,184.39,72.09,0.1379,104,215,0,0,0.000000,true,12,7,1,0,0,0.133084,0.122677,0.000000,0.000000,0.000000
23,10.92,42.99,184.39,72.09,0.1379,105,200,0,0,0.000000,true,6,4,0,0,0,0.112426,0.126909,0.000000,0.000000,0.000000
24,16.40,44.80,146.54,35.91,0.0777,101,46,0,0,0.000000,true,0,0,0,0,0,0.000000,0.000000,0.000000,0.000000,0.000000
24,16.40,44.80,146.54,35.91,0.0777,102,200,0,0,0.000000,true,1,1,0,0,0,0.000000,0.000000,0.000000,0.000000,0.000000
24,16.40,44.80,146.54,35.91,0.0777,103,63,0,0,0.000000,true,1,0,0,0,0,0.000000,0.000000,0.000000,0.000000,0.000000
24,16.40,44.80,146.54,35.91,0.0777,104,200,0,0,0.000000,true,1,1,0,0,0,0.000000,0.000000,0.000000,0.000000,0.000000
24,16.40,44.80,146.54,35.91,0.0777,105,200,0,0,0.000000,true,1,1,0,0,0,0.000000,0.000000,0.000000,0.000000,0.000000
25,11.88,20.25,89.05,38.64,0.0783,101,200,0,0,0.000000,true,6,3,0,0,0,0.079421,0.025674,0.000000,0.000000,0.000000
25,11.88,20.25,89.05,38.64,0.0783,102,200,0,0,0.000000,true,3,2,0,0,0,0.082127,0.078584,0.000000,0.000000,0.000000
25,11.88,20.25,89.05,38.64,0.0783,103,200,0,0,0.000000,true,5,4,0,0,0,0.056118,0.051916,0.000000,0.000000,0.000000
25,11.88,20.25,89.05,38.64,0.0783,104,200,0,0,0.000000,true,5,4,0,0,0,0.071473,0.083122,0.000000,0.000000,0.000000
25,11.88,20.25,89.05,38.64,0.0783,105,200,0,0,0.000000,true,1,1,0,0,0,0.000000,0.000000,0.000000,0.000000,0.000000
26,11.22,18.81,187.31,31.77,0.1390,101,200,0,0,0.000000,true,3,2,0,0,0,0.044059,0.122521,0.000000,0.000000,0.000000
26,11.22,18.81,187.31,31.77,0.1390,102,232,0,0,0.000000,true,2,2,1,0,0,0.000000,0.000000,0.000000,0.000000,0.000000
26,11.22,18.81,187.31,31.77,0.1390,103,200,0,0,0.000000,true,8,8,0,0,0,0.153600,0.166593,0.000000,0.000000,0.000000
26,11.22,18.81,187.31,31.77,0.1390,104,220,0,0,0.000000,true,5,3,1,0,0,0.125393,0.133450,0.000000,0.000000,0.000000
26,11.22,18.81,187.31,31.77,0.1390,105,320,0,0,0.000000,true,5,5,1,0,0,0.092262,0.108688,0.000000,0.000000,0.000000
27,7.02,47.44,156.01,48.39,0.1143,101,1000,15,0,0.451120,false,35,34,22,25,15,0.143225,0.143049,0.227921,0.323962,0.451120
27,7.02,47.44,156.01,48.39,0.1143,102,1000,13,0,0.400205,false,35,38,32,18,13,0.124911,0.128175,0.218062,0.300439,0.400205
27,7.02,47.44,156.01,48.39,0.1143,103,1000,7,0,0.149863,false,44,49,23,23,7,0.125239,0.157155,0.232284,0.337491,0.149863
27,7.02,47.44,156.01,48.39,0.1143,104,1000,5,0,0.134450,false,40,43,26,11,5,0.132485,0.146637,0.230880,0.289820,0.134450
27,7.02,47.44,156.01,48.39,0.1143,105,1000,15,0,0.457727,false,34,36,25,20,15,0.122695,0.153949,0.224259,0.341430,0.457727
28,2.54,42.51,72.20,96.59,0.0604,101,1000,35,0,0.262313,false,113,147,127,46,35,0.086238,0.101507,0.114669,0.195555,0.262313
28,2.54,42.51,72.20,96.59,0.0604,102,1000,24,0,0.273585,false,121,168,121,50,24,0.095704,0.097499,0.121620,0.205817,0.273585
28,2.54,42.51,72.20,96.59,0.0604,103,1000,31,0,0.291108,false,124,169,136,39,31,0.093038,0.101389,0.126063,0.218053,0.291108
28,2.54,42.51,72.20,96.59,0.0604,104,1000,17,0,0.171428,false,122,178,131,28,17,0.093487,0.099593,0.122412,0.216226,0.171428
28,2.54,42.51,72.20,96.59,0.0604,105,1000,33,0,0.182776,false,125,166,119,29,33,0.097020,0.096786,0.110487,0.198741,0.182776
29,17.52,33.26,109.79,77.23,0.0824,101,68,0,0,0.000000,true,1,0,0,0,0,0.000000,0.000000,0.000000,0.000000,0.000000
29,17.52,33.26,109.79,77.23,0.0824,102,200,0,0,0.000000,true,1,1,0,0,0,0.000000,0.000000,0.000000,0.000000,0.000000
29,17.52,33.26,109.79,77.23,0.0824,103,171,0,0,0.000000,true,2,1,0,0,0,0.080026,0.000000,0.000000,0.000000,0.000000
29,17.52,33.26,109.79,77.23,0.0824,104,200,0,0,0.000000,true,2,2,0,0,0,0.000000,0.000000,0.000000,0.000000,0.000000
29,17.52,33.26,109.79,77.23,0.0824,105,200,0,0,0.000000,true,1,1,0,0,0,0.000000,0.000000,0.000000,0.000000,0.000000
30,4.89,35.30,173.16,16.14,0.1055,101,1000,25,0,0.390025,false,61,83,61,33,25,0.128267,0.163324,0.201942,0.314977,0.390025
30,4.89,35.30,173.16,16.14,0.1055,102,1000,9,0,0.152508,false,46,76,63,10,9,0.138359,0.168886,0.227600,0.268664,0.152508
30,4.89,35.30,173.16,16.14,0.1055,103,1000,9,0,0.198250,false,61,86,76,11,9,0.140028,0.162677,0.214946,0.274067,0.198250
30,4.89,35.30,173.16,16.14,0.1055,104,1000,14,0,0.236797,false,57,80,76,24,14,0.135494,0.163672,0.222267,0.366510,0.236797
30,4.89,35.30,173.16,16.14,0.1055,105,1000,13,0,0.467470,false,47,67,56,23,13,0.128371,0.163848,0.216448,0.321040,0.467470
31,10.24,20.60,199.71,29.08,0.0430,101,1000,1,0,0.000000,false,8,7,1,1,1,0.053179,0.050527,0.000000,0.000000,0.000000
31,10.24,20.60,199.71,29.08,0.0430,102,210,0,0,0.000000,true,7,6,1,0,0,0.041482,0.051114,0.000000,0.000000,0.000000
31,10.24,20.60,199.71,29.08,0.0430,103,393,0,0,0.000000,true,5,3,4,0,0,0.038123,0.028613,0.052985,0.000000,0.000000
31,10.24,20.60,199.71,29.08,0.0430,104,738,0,0,0.000000,true,7,9,4,3,0,0.040403,0.044228,0.041136,0.014582,0.000000
31,10.24,20.60,199.71,29.08,0.0430,105,200,0,0,0.000000,true,4,3,0,0,0,0.033405,0.028956,0.000000,0.000000,0.000000
32,10.91,13.59,75.90,95.09,0.0135,101,200,0,0,0.000000,true,9,4,0,0,0,0.014214,0.004524,0.000000,0.000000,0.000000
32,10.91,13.59,75.90,95.09,0.0135,102,73,0,0,0.000000,true,2,0,0,0,0,0.000000,0.000000,0.000000,0.000000,0.000000
32,10.91,13.59,75.90,95.09,0.0135,103,200,0,0,0.000000,true,12,9,0,0,0,0.012803,0.013648,0.000000,0.000000,0.000000
32,10.91,13.59,75.90,95.09,0.0135,104,200,0,0,0.000000,true,5,3,0,0,0,0.009235,0.009286,0.000000,0.000000,0.000000
32,10.91,13.59,75.90,95.09,0.0135,105,200,0,0,0.000000,true,10,6,0,0,0,0.011262,0.011990,0.000000,0.000000,0.000000
33,9.33,7.08,166.97,53.49,0.0193,101,421,0,0,0.000000,true,7,3,1,0,0,0.017511,0.018736,0.000000,0.000000,0.000000
33,9.33,7.08,166.97,53.49,0.0193,102,1000,1,0,0.000000,false,7,5,2,3,1,0.015978,0.013668,0.035301,0.012045,0.000000
33,9.33,7.08,166.97,53.49,0.0193,103,571,0,0,0.000000,true,9,5,4,1,0,0.017526,0.019103,0.038836,0.000000,0.000000
33,9.33,7.08,166.97,53.49,0.0193,104,440,0,0,0.000000,true,10,4,1,0,0,0.016899,0.016088,0.000000,0.000000,0.000000
33,9.33,7.08,166.97,53.49,0.0193,105,583,0,0,0.000000,true,11,7,2,1,0,0.017493,0.015859,0.000000,0.000000,0.000000
34,8.78,15.23,122.60,41.85,0.1936,101,1000,3,0,0.792965,false,16,12,6,7,3,0.218814,0.241396,0.248286,0.345137,0.792965
34,8.78,15.23,122.60,41.85,0.1936,102,1000,7,0,0.767173,false,13,10,7,11,7,0.218196,0.195017,0.345650,0.522389,0.767173
34,8.78,15.23,122.60,41.85,0.1936,103,1000,6,0,0.649417,false,17,16,8,8,6,0.225593,0.206201,0.323795,0.482619,0.649417
34,8.78,15.23,122.60,41.85,0.1936,104,1000,5,0,0.621413,false,17,11,5,14,5,0.193570,0.213822,0.326424,0.607754,0.621413
34,8.78,15.23,122.60,41.85,0.1936,105,1000,2,0,0.202726,false,9,8,5,5,2,0.165183,0.193301,0.197075,0.211548,0.202726
35,13.34,9.21,169.95,94.83,0.1470,101,52,0,0,0.000000,true,1,0,0,0,0,0.000000,0.000000,0.000000,0.000000,0.000000
35,13.34,9.21,169.95,94.83,0.1470,102,200,0,0,0.000000,true,3,1,0,0,0,0.089461,0.000000,0.000000,0.000000,0.000000
35,13.34,9.21,169.95,94.83,0.1470,103,200,0,0,0.000000,true,5,2,0,0,0,0.149763,0.000000,0.000000,0.000000,0.000000
35,13.34,9.21,169.95,94.83,0.1470,104,86,0,0,0.000000,true,4,0,0,0,0,0.101890,0.000000,0.000000,0.000000,0.000000
35,13.34,9.21,169.95,94.83,0.1470,105,200,0,0,0.000000,true,2,1,0,0,0,0.134154,0.000000,0.000000,0.000000,0.000000
36,16.39,17.85,191.86,67.54,0.1500,101,38,0,0,0.000000,true,0,0,0,0,0,0.000000,0.000000,0.000000,0.000000,0.000000
36,16.39,17.85,191.86,67.54,0.1500,102,200,0,0,0.000000,true,3,2,0,0,0,0.146130,0.000000,0.000000,0.000000,0.000000
36,16.39,17.85,191.86,67.54,0.1500,103,200,0,0,0.000000,true,2,1,0,0,0,0.146394,0.000000,0.000000,0.000000,0.000000
36,16.39,17.85,191.86,67.54,0.1500,104,200,0,0,0.000000,true,3,3,0,0,0,0.152853,0.115009,0.000000,0.000000,0.000000
36,16.39,17.85,191.86,67.54,0.1500,105,200,0,0,0.000000,true,2,1,0,0,0,0.000000,0.000000,0.000000,0.000000,0.000000
37,2.21,10.92,178.62,71.29,0.1748,101,1000,19,0,0.803772,false,101,112,53,37,19,0.253173,0.265246,0.329301,0.621824,0.803772
37,2.21,10.92,178.62,71.29,0.1748,102,1000,25,0,0.794394,false,104,119,63,44,25,0.234402,0.269762,0.326312,0.595784,0.794394
37,2.21,10.92,178.62,71.29,0.1748,103,1000,25,0,0.826274,false,105,118,52,38,25,0.260336,0.266041,0.324667,0.552980,0.826274
37,2.21,10.92,178.62,71.29,0.1748,104,1000,14,0,0.565062,false,112,123,55,38,14,0.264286,0.272629,0.303504,0.557030,0.565062
37,2.21,10.92,178.62,71.29,0.1748,105,1000,13,0,0.530823,false,108,121,54,45,13,0.258911,0.279026,0.338688,0.548594,0.530823
38,12.89,38.67,72.40,30.43,0.1229,101,200,0,0,0.000000,true,4,4,0,0,0,0.099468,0.119375,0.000000,0.000000,0.000000
38,12.89,38.67,72.40,30.43,0.1229,102,200,0,0,0.000000,true,4,3,0,0,0,0.120604,0.040493,0.000000,0.000000,0.000000
38,12.89,38.67,72.40,30.43,0.1229,103,200,0,0,0.000000,true,4,3,0,0,0,0.112284,0.088612,0.000000,0.000000,0.000000
38,12.89,38.67,72.40,30.43,0.1229,104,200,0,0,0.000000,true,2,2,0,0,0,0.122836,0.122836,0.000000,0.000000,0.000000
38,12.89,38.67,72.40,30.43,0.1229,105,200,0,0,0.000000,true,2,2,0,0,0,0.122874,0.000000,0.000000,0.000000,0.000000
39,10.41,11.45,50.64,53.61,0.0731,101,719,0,0,0.000000,true,6,4,2,1,0,0.052419,0.068582,0.000000,0.000000,0.000000
39,10.41,11.45,50.64,53.61,0.0731,102,580,0,0,0.000000,true,5,7,1,1,0,0.049842,0.083902,0.000000,0.000000,0.000000
39,10.41,11.45,50.64,53.61,0.0731,103,467,0,0,0.000000,true,6,9,4,0,0,0.062855,0.081912,0.105670,0.000000,0.000000
39,10.41,11.45,50.64,53.61,0.0731,104,540,0,0,0.000000,true,10,8,2,1,0,0.077177,0.078956,0.146593,0.000000,0.000000
39,10.41,11.45,50.64,53.61,0.0731,105,388,0,0,0.000000,true,5,2,3,0,0,0.058231,0.066691,0.065220,0.000000,0.000000
40,14.46,10.34,80.78,91.69,0.0954,101,90,0,0,0.000000,true,1,0,0,0,0,0.000000,0.000000,0.000000,0.000000,0.000000
40,14.46,10.34,80.78,91.69,0.0954,102,66,0,0,0.000000,true,3,0,0,0,0,0.068046,0.000000,0.000000,0.000000,0.000000
40,14.46,10.34,80.78,91.69,0.0954,103,200,0,0,0.000000,true,5,3,0,0,0,0.086776,0.064735,0.000000,0.000000,0.000000
40,14.46,10.34,80.78,91.69,0.0954,104,75,0,0,0.000000,true,1,0,0,0,0,0.000000,0.000000,0.000000,0.000000,0.000000
40,14.46,10.34,80.78,91.69,0.0954,105,200,0,0,0.000000,true,2,1,0,0,0,0.000000,0.000000,0.000000,0.000000,0.000000
41,15.17,40.37,155.81,87.30,0.1123,101,200,0,0,0.000000,true,4,4,0,0,0,0.109866,0.092620,0.000000,0.000000,0.000000
41,15.17,40.37,155.81,87.30,0.1123,102,65,0,0,0.000000,true,3,0,0,0,0,0.081783,0.000000,0.000000,0.000000,0.000000
41,15.17,40.37,155.81,87.30,0.1123,103,200,0,0,0.000000,true,7,5,0,0,0,0.094453,0.104889,0.000000,0.000000,0.000000
41,15.17,40.37,155.81,87.30,0.1123,104,200,0,0,0.000000,true,4,1,0,0,0,0.113175,0.000000,0.000000,0.000000,0.000000
41,15.17,40.37,155.81,87.30,0.1123,105,200,0,0,0.000000,true,4,2,0,0,0,0.075480,0.106039,0.000000,0.000000,0.000000
42,14.07,38.35,166.92,12.83,0.0859,101,62,0,0,0.000000,true,1,0,0,0,0,0.000000,0.000000,0.000000,0.000000,0.000000
42,14.07,38.35,166.92,12.83,0.0859,102,200,0,0,0.000000,true,1,1,0,0,0,0.000000,0.000000,0.000000,0.000000,0.000000
42,14.07,38.35,166.92,12.83,0.0859,103,200,0,0,0.000000,true,1,1,0,0,0,0.000000,0.000000,0.000000,0.000000,0.000000
42,14.07,38.35,166.92,12.83,0.0859,104,200,0,0,0.000000,true,1,1,0,0,0,0.000000,0.000000,0.000000,0.000000,0.000000
42,14.07,38.35,166.92,12.83,0.0859,105,200,0,0,0.000000,true,2,1,0,0,0,0.085897,0.000000,0.000000,0.000000,0.000000
43,17.18,46.20,135.13,44.58,0.0891,101,69,0,0,0.000000,true,1,0,0,0,0,0.000000,0.000000,0.000000,0.000000,0.000000
43,17.18,46.20,135.13,44.58,0.0891,102,200,0,0,0.000000,true,1,1,0,0,0,0.000000,0.000000,0.000000,0.000000,0.000000
43,17.18,46.20,135.13,44.58,0.0891,103,200,0,0,0.000000,true,3,1,0,0,0,0.095942,0.000000,0.000000,0.000000,0.000000
43,17.18,46.20,135.13,44.58,0.0891,104,28,0,0,0.000000,true,0,0,0,0,0,0.000000,0.000000,0.000000,0.000000,0.000000
43,17.18,46.20,135.13,44.58,0.0891,105,98,0,0,0.000000,true,2,0,0,0,0,0.089901,0.000000,0.000000,0.000000,0.000000
44,4.76,26.48,109.74,74.47,0.1486,101,1000,18,0,0.448835,false,78,94,39,14,18,0.207364,0.221131,0.286703,0.371317,0.448835
44,4.76,26.48,109.74,74.47,0.1486,102,1000,20,0,0.772831,false,80,92,42,22,20,0.210346,0.210024,0.300907,0.483147,0.772831
44,4.76,26.48,109.74,74.47,0.1486,103,1000,10,0,0.287697,false,82,97,49,22,10,0.206378,0.227263,0.282161,0.430287,0.287697
44,4.76,26.48,109.74,74.47,0.1486,104,1000,16,0,0.691163,false,82,94,43,14,16,0.205725,0.216128,0.289045,0.372082,0.691163
44,4.76,26.48,109.74,74.47,0.1486,105,1000,9,0,0.217751,false,81,100,50,19,9,0.208125,0.219271,0.290873,0.433793,0.217751
45,15.45,25.70,137.35,17.58,0.0324,101,68,0,0,0.000000,true,1,0,0,0,0,0.000000,0.000000,0.000000,0.000000,0.000000
45,15.45,25.70,137.35,17.58,0.0324,102,100,0,0,0.000000,true,2,0,0,0,0,0.033970,0.000000,0.000000,0.000000,0.000000
45,15.45,25.70,137.35,17.58,0.0324,103,200,0,0,0.000000,true,1,1,0,0,0,0.000000,0.000000,0.000000,0.000000,0.000000
45,15.45,25.70,137.35,17.58,0.0324,104,200,0,0,0.000000,true,1,1,0,0,0,0.000000,0.000000,0.000000,0.000000,0.000000
45,15.45,25.70,137.35,17.58,0.0324,105,200,0,0,0.000000,true,1,1,0,0,0,0.000000,0.000000,0.000000,0.000000,0.000000
46,18.18,34.87,122.83,85.28,0.0484,101,124,0,0,0.000000,true,1,1,0,0,0,0.000000,0.000000,0.000000,0.000000,0.000000
46,18.18,34.87,122.83,85.28,0.0484,102,200,0,0,0.000000,true,2,1,0,0,0,0.048624,0.000000,0.000000,0.000000,0.000000
46,18.18,34.87,122.83,85.28,0.0484,103,200,0,0,0.000000,true,3,3,0,0,0,0.052189,0.034917,0.000000,0.000000,0.000000
46,18.18,34.87,122.83,85.28,0.0484,104,200,0,0,0.000000,true,4,2,0,0,0,0.022438,0.048957,0.000000,0.000000,0.000000
46,18.18,34.87,122.83,85.28,0.0484,105,200,0,0,0.000000,true,3,2,0,0,0,0.045771,0.000000,0.000000,0.000000,0.000000
47,8.58,39.93,54.30,47.77,0.1168,101,1000,11,0,0.357579,false,24,26,17,20,11,0.133048,0.149104,0.238736,0.360039,0.357579
47,8.58,39.93,54.30,47.77,0.1168,102,1000,3,0,0.134057,false,21,19,10,16,3,0.139242,0.154623,0.222357,0.316379,0.134057
47,8.58,39.93,54.30,47.77,0.1168,103,1000,15,0,0.427359,false,26,24,18,21,15,0.132441,0.135318,0.247039,0.332823,0.427359
47,8.58,39.93,54.30,47.77,0.1168,104,1000,13,0,0.371722,false,27,23,12,10,13,0.134826,0.129553,0.217726,0.322617,0.371722
47,8.58,39.93,54.30,47.77,0.1168,105,577,0,0,0.000000,true,12,14,11,9,0,0.120724,0.131964,0.213420,0.263236,0.000000
48,15.66,8.03,132.63,25.21,0.0512,101,17,0,0,0.000000,true,0,0,0,0,0,0.000000,0.000000,0.000000,0.000000,0.000000
48,15.66,8.03,132.63,25.21,0.0512,102,97,0,0,0.000000,true,1,0,0,0,0,0.000000,0.000000,0.000000,0.000000,0.000000
48,15.66,8.03,132.63,25.21,0.0512,103,70,0,0,0.000000,true,1,0,0,0,0,0.000000,0.000000,0.000000,0.000000,0.000000
48,15.66,8.03,132.63,25.21,0.0512,104,33,0,0,0.000000,true,0,0,0,0,0,0.000000,0.000000,0.000000,0.000000,0.000000
48,15.66,8.03,132.63,25.21,0.0512,105,113,0,0,0.000000,true,1,1,0,0,0,0.000000,0.000000,0.000000,0.000000,0.000000
49,12.46,39.65,82.49,73.15,0.0233,101,200,0,0,0.000000,true,6,4,0,0,0,0.020841,0.019413,0.000000,0.000000,0.000000
49,12.46,39.65,82.49,73.15,0.0233,102,200,0,0,0.000000,true,7,6,0,0,0,0.020542,0.020315,0.000000,0.000000,0.000000
49,12.46,39.65,82.49,73.15,0.0233,103,211,0,0,0.000000,true,13,8,1,0,0,0.026084,0.021864,0.000000,0.000000,0.000000
49,12.46,39.65,82.49,73.15,0.0233,104,200,0,0,0.000000,true,7,5,0,0,0,0.018459,0.016023,0.000000,0.000000,0.000000
49,12.46,39.65,82.49,73.15,0.0233,105,221,0,0,0.000000,true,7,3,1,0,0,0.021806,0.007854,0.000000,0.000000,0.000000
50,1.88,18.87,176.33,11.08,0.0749,101,1000,32,0,0.315049,false,102,150,100,64,32,0.116134,0.127334,0.151687,0.250978,0.315049
50,1.88,18.87,176.33,11.08,0.0749,102,1000,31,0,0.342477,false,95,141,98,53,31,0.103833,0.127493,0.149724,0.256842,0.342477
50,1.88,18.87,176.33,11.08,0.0749,103,1000,42,0,0.329748,false,95,142,99,45,42,0.110036,0.123013,0.139720,0.262097,0.329748
50,1.88,18.87,176.33,11.08,0.0749,104,1000,36,0,0.320207,false,110,153,91,52,36,0.113595,0.132362,0.143404,0.246046,0.320207
50,1.88,18.87,176.33,11.08,0.0749,105,1000,32,0,0.290590,false,94,137,90,54,32,0.106974,0.123031,0.134461,0.269354,0.290590
51,11.02,23.62,66.96,84.53,0.0606,101,251,0,0,0.000000,true,9,6,2,0,0,0.066330,0.052149,0.083679,0.000000,0.000000
51,11.02,23.62,66.96,84.53,0.0606,102,214,0,0,0.000000,true,8,7,1,0,0,0.051878,0.057872,0.000000,0.000000,0.000000
51,11.02,23.62,66.96,84.53,0.0606,103,349,0,0,0.000000,true,11,10,2,0,0,0.064248,0.075453,0.000000,0.000000,0.000000
51,11.02,23.62,66.96,84.53,0.0606,104,200,0,0,0.000000,true,11,8,0,0,0,0.057276,0.048162,0.000000,0.000000,0.000000
51,11.02,23.62,66.96,84.53,0.0606,105,200,0,0,0.000000,true,9,6,0,0,0,0.052483,0.043450,0.000000,0.000000,0.000000
52,18.20,32.01,51.33,93.06,0.1508,101,33,0,0,0.000000,true,0,0,0,0,0,0.000000,0.000000,0.000000,0.000000,0.000000
52,18.20,32.01,51.33,93.06,0.1508,102,53,0,0,0.000000,true,1,0,0,0,0,0.000000,0.000000,0.000000,0.000000,0.000000
52,18.20,32.01,51.33,93.06,0.1508,103,50,0,0,0.000000,true,0,0,0,0,0,0.000000,0.000000,0.000000,0.000000,0.000000
52,18.20,32.01,51.33,93.06,0.1508,104,35,0,0,0.000000,true,0,0,0,0,0,0.000000,0.000000,0.000000,0.000000,0.000000
52,18.20,32.01,51.33,93.06,0.1508,105,97,0,0,0.000000,true,2,0,0,0,0,0.000000,0.000000,0.000000,0.000000,0.000000
53,0.70,20.18,128.70,22.63,0.1431,101,1000,50,0,0.755508,false,121,177,146,68,50,0.224505,0.247771,0.281877,0.493039,0.755508
53,0.70,20.18,128.70,22.63,0.1431,102,1000,45,0,0.695392,false,126,181,148,74,45,0.208250,0.249661,0.283209,0.479320,0.695392
53,0.70,20.18,128.70,22.63,0.1431,103,1000,64,0,0.628173,false,123,180,142,72,64,0.214465,0.231190,0.291361,0.483970,0.628173
53,0.70,20.18,128.70,22.63,0.1431,104,1000,52,0,0.615709,false,128,190,154,83,52,0.213761,0.232190,0.284376,0.461822,0.615709
53,0.70,20.18,128.70,22.63,0.1431,105,1000,68,0,0.672324,false,122,184,150,84,68,0.199877,0.232631,0.275236,0.450793,0.672324
54,19.47,45.47,141.76,60.86,0.1899,101,35,0,0,0.000000,true,0,0,0,0,0,0.000000,0.000000,0.000000,0.000000,0.000000
54,19.47,45.47,141.76,60.86,0.1899,102,37,0,0,0.000000,true,0,0,0,0,0,0.000000,0.000000,0.000000,0.000000,0.000000
54,19.47,45.47,141.76,60.86,0.1899,103,45,0,0,0.000000,true,0,0,0,0,0,0.000000,0.000000,0.000000,0.000000,0.000000
54,19.47,45.47,141.76,60.86,0.1899,104,172,0,0,0.000000,true,1,1,0,0,0,0.000000,0.000000,0.000000,0.000000,0.000000
54,19.47,45.47,141.76,60.86,0.1899,105,200,0,0,0.000000,true,1,1,0,0,0,0.000000,0.000000,0.000000,0.000000,0.000000
55,2.64,11.61,160.27,56.74,0.0311,101,1000,11,0,0.061779,false,98,111,43,30,11,0.044242,0.047415,0.054157,0.097120,0.061779
55,2.64,11.61,160.27,56.74,0.0311,102,1000,27,0,0.126416,false,96,107,48,48,27,0.045991,0.048708,0.058480,0.104011,0.126416
55,2.64,11.61,160.27,56.74,0.0311,103,1000,25,0,0.127224,false,100,111,45,41,25,0.045169,0.047936,0.056151,0.108590,0.127224
55,2.64,11.61,160.27,56.74,0.0311,104,1000,23,0,0.133919,false,104,117,51,43,23,0.048009,0.048804,0.058059,0.110180,0.133919
55,2.64,11.61,160.27,56.74,0.0311,105,1000,20,0,0.156084,false,98,109,45,34,20,0.040798,0.048562,0.060744,0.090921,0.156084
56,12.54,31.03,137.38,85.03,0.1215,101,267,0,0,0.000000,true,4,3,2,0,0,0.061258,0.122150,0.000000,0.000000,0.000000
56,12.54,31.03,137.38,85.03,0.1215,102,200,0,0,0.000000,true,4,3,0,0,0,0.118020,0.078305,0.000000,0.000000,0.000000
56,12.54,31.03,137.38,85.03,0.1215,103,200,0,0,0.000000,true,7,6,0,0,0,0.087848,0.109145,0.000000,0.000000,0.000000
56,12.54,31.03,137.38,85.03,0.1215,104,200,0,0,0.000000,true,8,2,0,0,0,0.104388,0.118199,0.000000,0.000000,0.000000
56,12.54,31.03,137.38,85.03,0.1215,105,200,0,0,0.000000,true,5,1,0,0,0,0.079489,0.000000,0.000000,0.000000,0.000000
57,10.93,24.70,186.22,65.95,0.0644,101,200,0,0,0.000000,true,10,7,0,0,0,0.072995,0.062538,0.000000,0.000000,0.000000
57,10.93,24.70,186.22,65.95,0.0644,102,789,0,0,0.000000,true,10,4,2,2,0,0.067063,0.066003,0.000000,0.068363,0.000000
57,10.93,24.70,186.22,65.95,0.0644,103,200,0,0,0.000000,true,9,7,0,0,0,0.052887,0.062256,0.000000,0.000000,0.000000
57,10.93,24.70,186.22,65.95,0.0644,104,200,0,0,0.000000,true,10,6,0,0,0,0.060970,0.051899,0.000000,0.000000,0.000000
57,10.93,24.70,186.22,65.95,0.0644,105,200,0,0,0.000000,true,9,5,0,0,0,0.051206,0.045687,0.000000,0.000000,0.000000
58,9.63,23.50,55.15,64.86,0.1986,101,928,0,0,0.000000,true,16,12,4,9,0,0.178146,0.206031,0.311378,0.397568,0.000000
58,9.63,23.50,55.15,64.86,0.1986,102,1000,2,0,0.000000,false,11,10,3,3,2,0.168551,0.211085,0.110406,0.712882,0.000000
58,9.63,23.50,55.15,64.86,0.1986,103,254,0,0,0.000000,true,18,12,2,0,0,0.226551,0.219659,0.358974,0.000000,0.000000
58,9.63,23.50,55.15,64.86,0.1986,104,1000,2,0,0.000000,false,19,14,2,2,2,0.208681,0.208465,0.000000,0.000000,0.000000
58,9.63,23.50,55.15,64.86,0.1986,105,1000,4,0,0.140911,false,11,10,4,4,4,0.232611,0.198678,0.121334,0.464411,0.140911
59,16.67,21.79,59.82,38.90,0.1917,101,31,0,0,0.000000,true,0,0,0,0,0,0.000000,0.000000,0.000000,0.000000,0.000000
59,16.67,21.79,59.82,38.90,0.1917,102,48,0,0,0.000000,true,0,0,0,0,0,0.000000,0.000000,0.000000,0.000000,0.000000
59,16.67,21.79,59.82,38.90,0.1917,103,121,0,0,0.000000,true,1,1,0,0,0,0.000000,0.000000,0.000000,0.000000,0.000000
59,16.67,21.79,59.82,38.90,0.1917,104,63,0,0,0.000000,true,1,0,0,0,0,0.000000,0.000000,0.000000,0.000000,0.000000
59,16.67,21.79,59.82,38.90,0.1917,105,200,0,0,0.000000,true,1,1,0,0,0,0.000000,0.000000,0.000000,0.000000,0.000000
60,17.30,16.34,182.59,35.43,0.1645,101,25,0,0,0.000000,true,0,0,0,0,0,0.000000,0.000000,0.000000,0.000000,0.000000
60,17.30,16.34,182.59,35.43,0.1645,102,47,0,0,0.000000,true,0,0,0,0,0,0.000000,0.000000,0.000000,0.000000,0.000000
60,17.30,16.34,182.59,35.43,0.1645,103,41,0,0,0.000000,true,0,0,0,0,0,0.000000,0.000000,0.000000,0.000000,0.000000
60,17.30,16.34,182.59,35.43,0.1645,104,51,0,0,0.000000,true,1,0,0,0,0,0.000000,0.000000,0.000000,0.000000,0.000000
60,17.30,16.34,182.59,35.43,0.1645,105,102,0,0,0.000000,true,1,1,0,0,0,0.000000,0.000000,0.000000,0.000000,0.000000
61,14.79,48.28,95.79,54.33,0.0522,101,75,0,0,0.000000,true,2,0,0,0,0,0.000000,0.000000,0.000000,0.000000,0.000000
61,14.79,48.28,95.79,54.33,0.0522,102,200,0,0,0.000000,true,1,1,0,0,0,0.000000,0.000000,0.000000,0.000000,0.000000
61,14.79,48.28,95.79,54.33,0.0522,103,200,0,0,0.000000,true,3,2,0,0,0,0.034799,0.054247,0.000000,0.000000,0.000000
61,14.79,48.28,95.79,54.33,0.0522,104,200,0,0,0.000000,true,5,3,0,0,0,0.035897,0.050331,0.000000,0.000000,0.000000
61,14.79,48.28,95.79,54.33,0.0522,105,200,0,0,0.000000,true,3,1,0,0,0,0.032968,0.000000,0.000000,0.000000,0.000000
62,19.24,44.13,194.78,29.31,0.1725,101,15,0,0,0.000000,true,0,0,0,0,0,0.000000,0.000000,0.000000,0.000000,0.000000
62,19.24,44.13,194.78,29.31,0.1725,102,27,0,0,0.000000,true,0,0,0,0,0,0.000000,0.000000,0.000000,0.000000,0.000000
62,19.24,44.13,194.78,29.31,0.1725,103,13,0,0,0.000000,true,0,0,0,0,0,0.000000,0.000000,0.000000,0.000000,0.000000
62,19.24,44.13,194.78,29.31,0.1725,104,40,0,0,0.000000,true,0,0,0,0,0,0.000000,0.000000,0.000000,0.000000,0.000000
62,19.24,44.13,194.78,29.31,0.1725,105,200,0,0,0.000000,true,1,1,0,0,0,0.000000,0.000000,0.000000,0.000000,0.000000
63,9.02,49.01,126.30,73.97,0.1262,101,1000,4,0,0.081508,false,21,23,8,14,4,0.123057,0.155865,0.257208,0.338001,0.081508
63,9.02,49.01,126.30,73.97,0.1262,102,1000,3,0,0.133434,false,20,18,6,3,3,0.136287,0.172061,0.188563,0.118015,0.133434
63,9.02,49.01,126.30,73.97,0.1262,103,1000,8,0,0.243552,false,23,22,14,11,8,0.129125,0.160626,0.238806,0.299671,0.243552
63,9.02,49.01,126.30,73.97,0.1262,104,1000,9,0,0.512247,false,26,21,6,12,9,0.131316,0.141363,0.187813,0.386957,0.512247
63,9.02,49.01,126.30,73.97,0.1262,105,547,0,0,0.000000,true,17,15,4,2,0,0.134721,0.135162,0.090352,0.000000,0.000000
64,3.03,5.04,71.61,91.19,0.1185,101,1000,14,0,0.349179,false,83,69,20,27,14,0.169499,0.155369,0.217802,0.388938,0.349179
64,3.03,5.04,71.61,91.19,0.1185,102,1000,19,0,0.492380,false,75,74,26,27,19,0.159720,0.174965,0.224725,0.357944,0.492380
64,3.03,5.04,71.61,91.19,0.1185,103,1000,23,0,0.585549,false,81,68,28,25,23,0.157502,0.165538,0.205533,0.393995,0.585549
64,3.03,5.04,71.61,91.19,0.1185,104,1000,8,0,0.128925,false,82,81,28,28,8,0.157168,0.178354,0.215000,0.368632,0.128925
64,3.03,5.04,71.61,91.19,0.1185,105,1000,24,0,0.480608,false,75,69,24,28,24,0.146360,0.153692,0.193123,0.415813,0.480608
65,19.15,17.98,196.32,34.94,0.1043,101,23,0,0,0.000000,true,0,0,0,0,0,0.000000,0.000000,0.000000,0.000000,0.000000
65,19.15,17.98,196.32,34.94,0.1043,102,56,0,0,0.000000,true,1,0,0,0,0,0.000000,0.000000,0.000000,0.000000,0.000000
65,19.15,17.98,196.32,34.94,0.1043,103,59,0,0,0.000000,true,1,0,0,0,0,0.000000,0.000000,0.000000,0.000000,0.000000
65,19.15,17.98,196.32,34.94,0.1043,104,49,0,0,0.000000,true,0,0,0,0,0,0.000000,0.000000,0.000000,0.000000,0.000000
65,19.15,17.98,196.32,34.94,0.1043,105,102,0,0,0.000000,true,2,1,0,0,0,0.000000,0.000000,0.000000,0.000000,0.000000
66,14.25,21.90,88.32,19.71,0.1818,101,13,0,0,0.000000,true,0,0,0,0,0,0.000000,0.000000,0.000000,0.000000,0.000000
66,14.25,21.90,88.32,19.71,0.1818,102,200,0,0,0.000000,true,2,1,0,0,0,0.000000,0.000000,0.000000,0.000000,0.000000
66,14.25,21.90,88.32,19.71,0.1818,103,200,0,0,0.000000,true,2,1,0,0,0,0.181473,0.000000,0.000000,0.000000,0.000000
66,14.25,21.90,88.32,19.71,0.1818,104,38,0,0,0.000000,true,0,0,0,0,0,0.000000,0.000000,0.000000,0.000000,0.000000
66,14.25,21.90,88.32,19.71,0.1818,105,200,0,0,0.000000,true,1,1,0,0,0,0.000000,0.000000,0.000000,0.000000,0.000000
67,4.99,23.65,77.88,50.30,0.0657,101,1000,10,0,0.117633,false,73,96,34,24,10,0.084795,0.094742,0.122944,0.220832,0.117633
67,4.99,23.65,77.88,50.30,0.0657,102,1000,22,0,0.294086,false,70,84,38,28,22,0.085537,0.096274,0.127545,0.216910,0.294086
67,4.99,23.65,77.88,50.30,0.0657,103,1000,9,0,0.103669,false,74,89,47,9,9,0.087921,0.099256,0.130518,0.103708,0.103669
67,4.99,23.65,77.88,50.30,0.0657,104,1000,8,0,0.095840,false,75,94,39,24,8,0.083736,0.099756,0.120857,0.205580,0.095840
67,4.99,23.65,77.88,50.30,0.0657,105,1000,9,0,0.096750,false,66,80,40,16,9,0.086533,0.089204,0.122304,0.177342,0.096750
68,14.36,12.46,189.24,83.97,0.0956,101,181,0,0,0.000000,true,3,1,0,0,0,0.033186,0.000000,0.000000,0.000000,0.000000
68,14.36,12.46,189.24,83.97,0.0956,102,204,0,0,0.000000,true,4,5,1,0,0,0.075414,0.120460,0.000000,0.000000,0.000000
68,14.36,12.46,189.24,83.97,0.0956,103,271,0,0,0.000000,true,8,5,1,0,0,0.088868,0.067272,0.000000,0.000000,0.000000
68,14.36,12.46,189.24,83.97,0.0956,104,200,0,0,0.000000,true,5,1,0,0,0,0.077925,0.000000,0.000000,0.000000,0.000000
68,14.36,12.46,189.24,83.97,0.0956,105,103,0,0,0.000000,true,1,1,0,0,0,0.000000,0.000000,0.000000,0.000000,0.000000
69,13.27,7.04,164.33,62.05,0.0276,101,57,0,0,0.000000,true,1,0,0,0,0,0.000000,0.000000,0.000000,0.000000,0.000000
69,13.27,7.04,164.33,62.05,0.0276,102,141,0,0,0.000000,true,2,1,0,0,0,0.000000,0.000000,0.000000,0.000000,0.000000
69,13.27,7.04,164.33,62.05,0.0276,103,200,0,0,0.000000,true,3,3,0,0,0,0.019422,0.018550,0.000000,0.000000,0.000000
69,13.27,7.04,164.33,62.05,0.0276,104,200,0,0,0.000000,true,1,1,0,0,0,0.000000,0.000000,0.000000,0.000000,0.000000
69,13.27,7.04,164.33,62.05,0.0276,105,89,0,0,0.000000,true,3,0,0,0,0,0.010036,0.000000,0.000000,0.000000,0.000000
70,4.81,15.56,109.01,97.18,0.0958,101,1000,9,0,0.141867,false,83,79,19,8,9,0.137088,0.134168,0.169403,0.142447,0.141867
70,4.81,15.56,109.01,97.18,0.0958,102,1000,11,0,0.153609,false,82,82,24,22,11,0.131256,0.137187,0.166260,0.299117,0.153609
70,4.81,15.56,109.01,97.18,0.0958,103,1000,8,0,0.126451,false,82,79,29,15,8,0.135530,0.133245,0.195176,0.242727,0.126451
70,4.81,15.56,109.01,97.18,0.0958,104,1000,9,0,0.159268,false,85,76,23,9,9,0.133051,0.136575,0.161133,0.146415,0.159268
70,4.81,15.56,109.01,97.18,0.0958,105,1000,24,0,0.442152,false,66,73,23,27,24,0.118976,0.136729,0.186849,0.291813,0.442152
71,1.74,20.63,69.24,43.69,0.0793,101,1000,21,0,0.305695,false,123,166,103,46,21,0.119069,0.136889,0.154935,0.285279,0.305695
71,1.74,20.63,69.24,43.69,0.0793,102,1000,39,0,0.374243,false,119,164,113,59,39,0.116455,0.131835,0.155985,0.254623,0.374243
71,1.74,20.63,69.24,43.69,0.0793,103,1000,30,0,0.385806,false,110,147,100,52,30,0.115803,0.128929,0.151915,0.269558,0.385806
71,1.74,20.63,69.24,43.69,0.0793,104,1000,38,0,0.357941,false,117,151,106,59,38,0.117222,0.132066,0.151697,0.280955,0.357941
71,1.74,20.63,69.24,43.69,0.0793,105,1000,46,0,0.370259,false,117,158,93,53,46,0.115324,0.125866,0.141204,0.278492,0.370259
72,2.61,38.98,190.62,32.30,0.1614,101,1000,29,0,0.621802,false,111,157,125,26,29,0.243043,0.277147,0.315802,0.456158,0.621802
72,2.61,38.98,190.62,32.30,0.1614,102,1000,19,0,0.694392,false,102,156,131,32,19,0.226461,0.280511,0.341071,0.529178,0.694392
72,2.61,38.98,190.62,32.30,0.1614,103,1000,33,0,0.811562,false,98,152,127,44,33,0.246281,0.250381,0.328007,0.518945,0.811562
72,2.61,38.98,190.62,32.30,0.1614,104,1000,25,0,0.766980,false,113,162,123,44,25,0.247518,0.272256,0.295607,0.523001,0.766980
72,2.61,38.98,190.62,32.30,0.1614,105,1000,29,0,0.686204,false,91,128,109,48,29,0.228543,0.247549,0.309867,0.524803,0.686204
73,14.64,18.54,96.31,84.65,0.1905,101,52,0,0,0.000000,true,1,0,0,0,0,0.000000,0.000000,0.000000,0.000000,0.000000
73,14.64,18.54,96.31,84.65,0.1905,102,78,0,0,0.000000,true,1,0,0,0,0,0.000000,0.000000,0.000000,0.000000,0.000000
73,14.64,18.54,96.31,84.65,0.1905,103,200,0,0,0.000000,true,4,3,0,0,0,0.127970,0.123963,0.000000,0.000000,0.000000
73,14.64,18.54,96.31,84.65,0.1905,104,200,0,0,0.000000,true,4,2,0,0,0,0.096754,0.199079,0.000000,0.000000,0.000000
73,14.64,18.54,96.31,84.65,0.1905,105,200,0,0,0.000000,true,3,2,0,0,0,0.061377,0.000000,0.000000,0.000000,0.000000
74,17.20,18.28,57.78,31.59,0.1140,101,32,0,0,0.000000,true,0,0,0,0,0,0.000000,0.000000,0.000000,0.000000,0.000000
74,17.20,18.28,57.78,31.59,0.1140,102,31,0,0,0.000000,true,0,0,0,0,0,0.000000,0.000000,0.000000,0.000000,0.000000
74,17.20,18.28,57.78,31.59,0.1140,103,59,0,0,0.000000,true,1,0,0,0,0,0.000000,0.000000,0.000000,0.000000,0.000000
74,17.20,18.28,57.78,31.59,0.1140,104,24,0,0,0.000000,true,0,0,0,0,0,0.000000,0.000000,0.000000,0.000000,0.000000
74,17.20,18.28,57.78,31.59,0.1140,105,104,0,0,0.000000,true,1,1,0,0,0,0.000000,0.000000,0.000000,0.000000,0.000000
75,8.30,14.13,110.51,52.36,0.1992,101,1000,7,0,0.365745,false,21,20,16,9,7,0.222541,0.227129,0.394090,0.466232,0.365745
75,8.30,14.13,110.51,52.36,0.1992,102,1000,8,0,0.672084,false,18,13,9,9,8,0.205931,0.192894,0.356751,0.457076,0.672084
75,8.30,14.13,110.51,52.36,0.1992,103,1000,13,0,0.949495,false,25,17,7,15,13,0.205514,0.220603,0.287615,0.569484,0.949495
75,8.30,14.13,110.51,52.36,0.1992,104,1000,13,0,0.748135,false,21,16,9,13,13,0.210869,0.231086,0.328069,0.521385,0.748135
75,8.30,14.13,110.51,52.36,0.1992,105,1000,2,0,0.000000,false,21,16,9,3,2,0.229303,0.230325,0.384867,0.064387,0.000000
76,5.66,49.47,146.34,49.23,0.1137,101,1000,26,0,0.490742,false,59,76,61,35,26,0.130851,0.176543,0.231924,0.370248,0.490742
76,5.66,49.47,146.34,49.23,0.1137,102,1000,17,0,0.471690,false,50,70,47,35,17,0.121801,0.165996,0.223864,0.336224,0.471690
76,5.66,49.47,146.34,49.23,0.1137,103,1000,17,0,0.406096,false,62,72,52,18,17,0.135894,0.146409,0.202558,0.350895,0.406096
76,5.66,49.47,146.34,49.23,0.1137,104,1000,14,0,0.377535,false,68,84,53,27,14,0.148003,0.165457,0.241185,0.381209,0.377535
76,5.66,49.47,146.34,49.23,0.1137,105,1000,20,0,0.445109,false,53,65,39,27,20,0.126939,0.155458,0.224729,0.340682,0.445109
77,17.78,40.03,123.88,69.82,0.1084,101,69,0,0,0.000000,true,1,0,0,0,0,0.000000,0.000000,0.000000,0.000000,0.000000
77,17.78,40.03,123.88,69.82,0.1084,102,206,0,0,0.000000,true,1,1,1,0,0,0.000000,0.000000,0.000000,0.000000,0.000000
77,17.78,40.03,123.88,69.82,0.1084,103,200,0,0,0.000000,true,2,1,0,0,0,0.113035,0.000000,0.000000,0.000000,0.000000
77,17.78,40.03,123.88,69.82,0.1084,104,200,0,0,0.000000,true,1,1,0,0,0,0.000000,0.000000,0.000000,0.000000,0.000000
77,17.78,40.03,123.88,69.82,0.1084,105,200,0,0,0.000000,true,1,1,0,0,0,0.000000,0.000000,0.000000,0.000000,0.000000
78,15.14,24.28,77.20,34.95,0.0357,101,58,0,0,0.000000,true,1,0,0,0,0,0.000000,0.000000,0.000000,0.000000,0.000000
78,15.14,24.28,77.20,34.95,0.0357,102,200,0,0,0.000000,true,3,2,0,0,0,0.022699,0.035859,0.000000,0.000000,0.000000
78,15.14,24.28,77.20,34.95,0.0357,103,200,0,0,0.000000,true,2,2,0,0,0,0.000000,0.000000,0.000000,0.000000,0.000000
78,15.14,24.28,77.20,34.95,0.0357,104,200,0,0,0.000000,true,1,1,0,0,0,0.000000,0.000000,0.000000,0.000000,0.000000
78,15.14,24.28,77.20,34.95,0.0357,105,200,0,0,0.000000,true,2,1,0,0,0,0.031790,0.000000,0.000000,0.000000,0.000000
79,5.56,45.01,187.33,77.77,0.0935,101,1000,15,0,0.344055,false,71,79,45,30,15,0.124957,0.132736,0.176405,0.319520,0.344055
79,5.56,45.01,187.33,77.77,0.0935,102,1000,16,0,0.200583,false,75,85,54,20,16,0.119349,0.131759,0.182523,0.281427,0.200583
79,5.56,45.01,187.33,77.77,0.0935,103,1000,16,0,0.330200,false,83,90,53,23,16,0.127657,0.142584,0.175833,0.308859,0.330200
79,5.56,45.01,187.33,77.77,0.0935,104,1000,8,0,0.135948,false,73,92,47,18,8,0.116943,0.138072,0.171612,0.264213,0.135948
79,5.56,45.01,187.33,77.77,0.0935,105,1000,10,0,0.266916,false,62,76,46,29,10,0.113151,0.128050,0.170170,0.258181,0.266916
80,11.80,7.68,190.54,28.64,0.0703,101,200,0,0,0.000000,true,1,1,0,0,0,0.000000,0.000000,0.000000,0.000000,0.000000
80,11.80,7.68,190.54,28.64,0.0703,102,331,0,0,0.000000,true,2,2,1,0,0,0.000000,0.000000,0.000000,0.000000,0.000000
80,11.80,7.68,190.54,28.64,0.0703,103,200,0,0,0.000000,true,4,4,0,0,0,0.059765,0.062925,0.000000,0.000000,0.000000
80,11.80,7.68,190.54,28.64,0.0703,104,200,0,0,0.000000,true,5,1,0,0,0,0.057844,0.000000,0.000000,0.000000,0.000000
80,11.80,7.68,190.54,28.64,0.0703,105,148,0,0,0.000000,true,1,1,0,0,0,0.000000,0.000000,0.000000,0.000000,0.000000
81,12.51,33.39,128.73,62.66,0.1642,101,200,0,0,0.000000,true,3,2,0,0,0,0.114296,0.165323,0.000000,0.000000,0.000000
81,12.51,33.39,128.73,62.66,0.1642,102,133,0,0,0.000000,true,3,1,0,0,0,0.169060,0.000000,0.000000,0.000000,0.000000
81,12.51,33.39,128.73,62.66,0.1642,103,200,0,0,0.000000,true,7,5,0,0,0,0.167706,0.111830,0.000000,0.000000,0.000000
81,12.51,33.39,128.73,62.66,0.1642,104,200,0,0,0.000000,true,3,3,0,0,0,0.057179,0.171536,0.000000,0.000000,0.000000
81,12.51,33.39,128.73,62.66,0.1642,105,200,0,0,0.000000,true,4,3,0,0,0,0.132089,0.050974,0.000000,0.000000,0.000000
82,15.48,25.62,156.25,42.70,0.0572,101,95,0,0,0.000000,true,2,0,0,0,0,0.000000,0.000000,0.000000,0.000000,0.000000
82,15.48,25.62,156.25,42.70,0.0572,102,200,0,0,0.000000,true,1,1,0,0,0,0.000000,0.000000,0.000000,0.000000,0.000000
82,15.48,25.62,156.25,42.70,0.0572,103,200,0,0,0.000000,true,4,2,0,0,0,0.049900,0.000000,0.000000,0.000000,0.000000
82,15.48,25.62,156.25,42.70,0.0572,104,200,0,0,0.000000,true,7,2,0,0,0,0.078170,0.000000,0.000000,0.000000,0.000000
82,15.48,25.62,156.25,42.70,0.0572,105,200,0,0,0.000000,true,1,1,0,0,0,0.000000,0.000000,0.000000,0.000000,0.000000
83,14.97,6.55,195.98,54.98,0.0111,101,32,0,0,0.000000,true,0,0,0,0,0,0.000000,0.000000,0.000000,0.000000,0.000000
83,14.97,6.55,195.98,54.98,0.0111,102,35,0,0,0.000000,true,0,0,0,0,0,0.000000,0.000000,0.000000,0.000000,0.000000
83,14.97,6.55,195.98,54.98,0.0111,103,31,0,0,0.000000,true,0,0,0,0,0,0.000000,0.000000,0.000000,0.000000,0.000000
83,14.97,6.55,195.98,54.98,0.0111,104,31,0,0,0.000000,true,0,0,0,0,0,0.000000,0.000000,0.000000,0.000000,0.000000
83,14.97,6.55,195.98,54.98,0.0111,105,88,0,0,0.000000,true,1,0,0,0,0,0.000000,0.000000,0.000000,0.000000,0.000000
84,9.99,35.83,161.64,47.38,0.0408,101,482,0,0,0.000000,true,12,8,3,0,0,0.041957,0.039167,0.044994,0.000000,0.000000
84,9.99,35.83,161.64,47.38,0.0408,102,1000,3,0,0.028992,false,7,8,4,4,3,0.038667,0.044921,0.058697,0.071678,0.028992
84,9.99,35.83,161.64,47.38,0.0408,103,1000,2,0,0.037340,false,15,9,3,1,2,0.045272,0.040316,0.072334,0.000000,0.037340
84,9.99,35.83,161.64,47.38,0.0408,104,1000,2,0,0.000000,false,9,10,2,3,2,0.043088,0.043324,0.000000,0.040146,0.000000
84,9.99,35.83,161.64,47.38,0.0408,105,997,0,0,0.000000,true,12,10,1,4,0,0.039260,0.033828,0.000000,0.058053,0.000000
85,0.28,14.51,186.41,68.02,0.1092,101,1000,71,0,0.519035,false,150,186,158,83,71,0.187016,0.187809,0.219979,0.350657,0.519035
85,0.28,14.51,186.41,68.02,0.1092,102,1000,79,0,0.485678,false,137,177,147,102,79,0.166480,0.187000,0.199497,0.376607,0.485678
85,0.28,14.51,186.41,68.02,0.1092,103,1000,70,0,0.492088,false,141,185,159,91,70,0.178157,0.197737,0.209564,0.367052,0.492088
85,0.28,14.51,186.41,68.02,0.1092,104,1000,71,0,0.495894,false,146,182,142,82,71,0.176506,0.190322,0.223325,0.383459,0.495894
85,0.28,14.51,186.41,68.02,0.1092,105,1000,77,0,0.493474,false,141,180,155,95,77,0.173460,0.181327,0.212754,0.314527,0.493474
86,17.75,35.33,89.52,33.71,0.0934,101,39,0,0,0.000000,true,0,0,0,0,0,0.000000,0.000000,0.000000,0.000000,0.000000
86,17.75,35.33,89.52,33.71,0.0934,102,200,0,0,0.000000,true,1,1,0,0,0,0.000000,0.000000,0.000000,0.000000,0.000000
86,17.75,35.33,89.52,33.71,0.0934,103,200,0,0,0.000000,true,3,3,0,0,0,0.064402,0.065562,0.000000,0.000000,0.000000
86,17.75,35.33,89.52,33.71,0.0934,104,31,0,0,0.000000,true,0,0,0,0,0,0.000000,0.000000,0.000000,0.000000,0.000000
86,17.75,35.33,89.52,33.71,0.0934,105,200,0,0,0.000000,true,1,1,0,0,0,0.000000,0.000000,0.000000,0.000000,0.000000
87,4.98,10.09,123.91,43.38,0.1753,101,1000,19,0,0.844441,false,57,56,12,21,19,0.214370,0.228632,0.307537,0.501034,0.844441
87,4.98,10.09,123.91,43.38,0.1753,102,972,0,0,0.000000,true,52,52,16,16,0,0.198772,0.245278,0.310838,0.478209,0.000000
87,4.98,10.09,123.91,43.38,0.1753,103,1000,8,0,0.475192,false,60,64,20,24,8,0.229770,0.240927,0.330706,0.551509,0.475192
87,4.98,10.09,123.91,43.38,0.1753,104,1000,11,0,0.481573,false,66,55,13,17,11,0.229091,0.206328,0.334803,0.476798,0.481573
87,4.98,10.09,123.91,43.38,0.1753,105,1000,15,0,0.644711,false,52,56,19,15,15,0.209486,0.251580,0.312479,0.482970,0.644711
88,8.47,47.82,65.59,70.50,0.1119,101,1000,9,0,0.279899,false,26,25,5,10,9,0.113947,0.123249,0.159218,0.349806,0.279899
88,8.47,47.82,65.59,70.50,0.1119,102,1000,7,0,0.372912,false,26,19,10,12,7,0.127234,0.143042,0.205875,0.278024,0.372912
88,8.47,47.82,65.59,70.50,0.1119,103,1000,4,0,0.092837,false,29,31,8,4,4,0.121161,0.142337,0.166757,0.069456,0.092837
88,8.47,47.82,65.59,70.50,0.1119,104,1000,8,0,0.252115,false,32,26,17,9,8,0.119244,0.131213,0.216790,0.264773,0.252115
88,8.47,47.82,65.59,70.50,0.1119,105,1000,14,0,0.391882,false,24,16,9,17,14,0.109556,0.114533,0.211809,0.324053,0.391882
89,8.08,11.27,84.92,67.96,0.1965,101,1000,7,0,0.481663,false,25,14,5,8,7,0.212111,0.248519,0.343741,0.461616,0.481663
89,8.08,11.27,84.92,67.96,0.1965,102,838,0,0,0.000000,true,18,15,8,10,0,0.182621,0.221729,0.343379,0.476494,0.000000
89,8.08,11.27,84.92,67.96,0.1965,103,1000,4,0,0.218792,false,30,19,7,3,4,0.221497,0.251293,0.275745,0.157480,0.218792
89,8.08,11.27,84.92,67.96,0.1965,104,1000,8,0,0.486691,false,33,23,7,6,8,0.198837,0.246183,0.350317,0.302794,0.486691
89,8.08,11.27,84.92,67.96,0.1965,105,1000,6,0,0.608876,false,27,15,10,16,6,0.211652,0.255474,0.327288,0.557924,0.608876
90,12.54,44.27,67.00,19.50,0.1581,101,200,0,0,0.000000,true,1,1,0,0,0,0.000000,0.000000,0.000000,0.000000,0.000000
90,12.54,44.27,67.00,19.50,0.1581,102,62,0,0,0.000000,true,1,0,0,0,0,0.000000,0.000000,0.000000,0.000000,0.000000
90,12.54,44.27,67.00,19.50,0.1581,103,200,0,0,0.000000,true,1,1,0,0,0,0.000000,0.000000,0.000000,0.000000,0.000000
90,12.54,44.27,67.00,19.50,0.1581,104,200,0,0,0.000000,true,2,2,0,0,0,0.161385,0.161385,0.000000,0.000000,0.000000
90,12.54,44.27,67.00,19.50,0.1581,105,200,0,0,0.000000,true,2,3,0,0,0,0.000000,0.221860,0.000000,0.000000,0.000000
91,10.38,22.65,88.70,53.16,0.0213,101,1000,1,0,0.000000,false,6,6,1,1,1,0.022974,0.020976,0.000000,0.000000,0.000000
91,10.38,22.65,88.70,53.16,0.0213,102,759,0,0,0.000000,true,6,7,3,4,0,0.021034,0.022917,0.029418,0.042382,0.000000
91,10.38,22.65,88.70,53.16,0.0213,103,200,0,0,0.000000,true,6,4,0,0,0,0.020735,0.014075,0.000000,0.000000,0.000000
91,10.38,22.65,88.70,53.16,0.0213,104,223,0,0,0.000000,true,8,6,1,0,0,0.020517,0.021644,0.000000,0.000000,0.000000
91,10.38,22.65,88.70,53.16,0.0213,105,1000,3,0,0.010171,false,8,6,1,2,3,0.017847,0.016917,0.000000,0.019975,0.010171
92,6.92,13.71,194.22,15.72,0.1468,101,1000,6,0,0.329962,false,22,26,21,15,6,0.167686,0.198871,0.329421,0.417363,0.329962
92,6.92,13.71,194.22,15.72,0.1468,102,1000,6,0,0.186594,false,19,24,26,10,6,0.153513,0.184651,0.287316,0.347729,0.186594
92,6.92,13.71,194.22,15.72,0.1468,103,913,0,0,0.000000,true,22,24,16,6,0,0.153946,0.206646,0.303969,0.268475,0.000000
92,6.92,13.71,194.22,15.72,0.1468,104,816,0,0,0.000000,true,15,22,18,10,0,0.157361,0.215261,0.305021,0.351409,0.000000
92,6.92,13.71,194.22,15.72,0.1468,105,1000,5,0,0.221229,false,17,21,18,10,5,0.160782,0.179310,0.330520,0.427152,0.221229
93,16.23,45.83,67.95,10.82,0.0422,101,22,0,0,0.000000,true,0,0,0,0,0,0.000000,0.000000,0.000000,0.000000,0.000000
93,16.23,45.83,67.95,10.82,0.0422,102,200,0,0,0.000000,true,1,1,0,0,0,0.000000,0.000000,0.000000,0.000000,0.000000
93,16.23,45.83,67.95,10.82,0.0422,103,200,0,0,0.000000,true,1,1,0,0,0,0.000000,0.000000,0.000000,0.000000,0.000000
93,16.23,45.83,67.95,10.82,0.0422,104,200,0,0,0.000000,true,2,2,0,0,0,0.042115,0.000000,0.000000,0.000000,0.000000
93,16.23,45.83,67.95,10.82,0.0422,105,200,0,0,0.000000,true,2,1,0,0,0,0.000000,0.000000,0.000000,0.000000,0.000000
94,15.29,18.27,190.05,28.68,0.1823,101,48,0,0,0.000000,true,0,0,0,0,0,0.000000,0.000000,0.000000,0.000000,0.000000
94,15.29,18.27,190.05,28.68,0.1823,102,47,0,0,0.000000,true,0,0,0,0,0,0.000000,0.000000,0.000000,0.000000,0.000000
94,15.29,18.27,190.05,28.68,0.1823,103,200,0,0,0.000000,true,2,2,0,0,0,0.000000,0.187765,0.000000,0.000000,0.000000
94,15.29,18.27,190.05,28.68,0.1823,104,33,0,0,0.000000,true,0,0,0,0,0,0.000000,0.000000,0.000000,0.000000,0.000000
94,15.29,18.27,190.05,28.68,0.1823,105,45,0,0,0.000000,true,0,0,0,0,0,0.000000,0.000000,0.000000,0.000000,0.000000
95,11.86,26.71,65.90,98.98,0.0818,101,268,0,0,0.000000,true,7,5,1,0,0,0.072877,0.096916,0.000000,0.000000,0.000000
95,11.86,26.71,65.90,98.98,0.0818,102,490,0,0,0.000000,true,13,9,1,0,0,0.074827,0.072569,0.000000,0.000000,0.000000
95,11.86,26.71,65.90,98.98,0.0818,103,200,0,0,0.000000,true,14,7,0,0,0,0.083197,0.075345,0.000000,0.000000,0.000000
95,11.86,26.71,65.90,98.98,0.0818,104,200,0,0,0.000000,true,10,7,0,0,0,0.071538,0.063630,0.000000,0.000000,0.000000
95,11.86,26.71,65.90,98.98,0.0818,105,200,0,0,0.000000,true,7,3,0,0,0,0.073933,0.082039,0.000000,0.000000,0.000000
96,15.87,10.73,51.42,96.47,0.0601,101,91,0,0,0.000000,true,1,0,0,0,0,0.000000,0.000000,0.000000,0.000000,0.000000
96,15.87,10.73,51.42,96.47,0.0601,102,83,0,0,0.000000,true,1,0,0,0,0,0.000000,0.000000,0.000000,0.000000,0.000000
96,15.87,10.73,51.42,96.47,0.0601,103,71,0,0,0.000000,true,3,0,0,0,0,0.061648,0.000000,0.000000,0.000000,0.000000
96,15.87,10.73,51.42,96.47,0.0601,104,200,0,0,0.000000,true,3,3,0,0,0,0.061746,0.020404,0.000000,0.000000,0.000000
96,15.87,10.73,51.42,96.47,0.0601,105,49,0,0,0.000000,true,0,0,0,0,0,0.000000,0.000000,0.000000,0.000000,0.000000
97,5.62,24.07,155.13,94.25,0.0767,101,1000,10,0,0.135175,false,72,77,24,10,10,0.096618,0.109484,0.130863,0.189754,0.135175
97,5.62,24.07,155.13,94.25,0.0767,102,1000,19,0,0.324915,false,74,74,23,20,19,0.099950,0.111982,0.148680,0.245585,0.324915
97,5.62,24.07,155.13,94.25,0.0767,103,1000,11,0,0.260832,false,75,77,26,20,11,0.107490,0.114975,0.150187,0.225890,0.260832
97,5.62,24.07,155.13,94.25,0.0767,104,1000,8,0,0.103098,false,76,76,28,7,8,0.099347,0.114609,0.149342,0.130391,0.103098
97,5.62,24.07,155.13,94.25,0.0767,105,1000,9,0,0.122162,false,61,70,26,19,9,0.089277,0.107738,0.143236,0.240621,0.122162
98,5.65,21.94,90.13,98.39,0.0546,101,1000,16,0,0.195401,false,71,64,27,17,16,0.069544,0.072128,0.100373,0.173802,0.195401
98,5.65,21.94,90.13,98.39,0.0546,102,1000,8,0,0.090552,false,71,73,22,21,8,0.072758,0.077113,0.089345,0.159640,0.090552
98,5.65,21.94,90.13,98.39,0.0546,103,1000,15,0,0.132931,false,68,68,22,19,15,0.071095,0.076578,0.093602,0.168377,0.132931
98,5.65,21.94,90.13,98.39,0.0546,104,1000,9,0,0.087646,false,78,78,32,8,9,0.072510,0.073611,0.104348,0.075290,0.087646
98,5.65,21.94,90.13,98.39,0.0546,105,1000,15,0,0.147646,false,69,67,21,18,15,0.066656,0.076430,0.091092,0.138936,0.147646
99,10.94,40.59,52.05,55.22,0.0263,101,200,0,0,0.000000,true,11,11,0,0,0,0.025257,0.026493,0.000000,0.000000,0.000000
99,10.94,40.59,52.05,55.22,0.0263,102,308,0,0,0.000000,true,11,10,2,0,0,0.025066,0.025627,0.036129,0.000000,0.000000
99,10.94,40.59,52.05,55.22,0.0263,103,200,0,0,0.000000,true,12,7,0,0,0,0.030624,0.023920,0.000000,0.000000,0.000000
99,10.94,40.59,52.05,55.22,0.0263,104,250,0,0,0.000000,true,8,7,1,0,0,0.027129,0.033906,0.000000,0.000000,0.000000
99,10.94,40.59,52.05,55.22,0.0263,105,285,0,0,0.000000,true,8,5,1,0,0,0.019094,0.018512,0.000000,0.000000,0.000000
100,9.37,44.92,141.45,45.50,0.0876,101,292,0,0,0.000000,true,13,17,4,0,0,0.080266,0.118358,0.126745,0.000000,0.000000
100,9.37,44.92,141.45,45.50,0.0876,102,1000,9,0,0.259376,false,12,14,5,11,9,0.084160,0.103921,0.134605,0.212041,0.259376
100,9.37,44.92,141.45,45.50,0.0876,103,1000,3,0,0.028914,false,13,14,10,4,3,0.081806,0.091479,0.157116,0.117337,0.028914
100,9.37,44.92,141.45,45.50,0.0876,104,1000,4,0,0.067238,false,14,14,5,2,4,0.094044,0.092374,0.088840,0.000000,0.067238
100,9.37,44.92,141.45,45.50,0.0876,105,1000,7,0,0.282661,false,16,14,4,6,7,0.081276,0.087689,0.175267,0.174961,0.282661
